straightness,efficiency
nan,nan
0.7552162141969135,0.29363293632936327
